{
    "big": 0.8999999999999999,
    "small": 0.8999999999999999,
    "good": 0.7,
    "bad": 0.8999999999999999,
    "beautiful": 0.8999999999999999,
    "ugly": 0.8999999999999999,
    "happy": 0.8999999999999999,
    "sad": 0.8999999999999999,
    "easy": 0.39999999999999997,
    "difficult": 0.8999999999999999,
    "fast": 0.8999999999999999,
    "slow": 0.1,
    "young": 0.8999999999999999,
    "old": 0.8999999999999999,
    "rich": 0.8999999999999999,
    "poor": 0.8999999999999999,
    "strong": 0.8999999999999999,
    "weak": 0.7,
    "hot": 0.8999999999999999,
    "cold": 0.8999999999999999,
    "new": 0.8999999999999999,
    "ancient": 0.8999999999999999,
    "modern": 0.8999999999999999,
    "clean": 0.8999999999999999,
    "dirty": 0.6000000000000001,
    "full": 0.8999999999999999,
    "empty": 0.39999999999999997,
    "hard": 0.5,
    "soft": 0.8,
    "sharp": 0.8999999999999999,
    "dull": 0.7,
    "loud": 0.7,
    "quiet": 0.6,
    "pretty": 0.8999999999999999,
    "delicious": 0.8999999999999999,
    "disgusting": 0.7,
    "healthy": 0.8999999999999999,
    "sick": 0.1,
    "tall": 0.8999999999999999,
    "short": 0.7,
    "wide": 0.7,
    "narrow": 0.8999999999999999,
    "heavy": 0.8999999999999999,
    "light": 0.7,
    "thick": 0.1,
    "thin": 0.7,
    "expensive": 0.8,
    "cheap": 0.7,
    "bright": 0.7,
    "dark": 0.7,
    "sweet": 0.7,
    "sour": 0.7,
    "salty": 0.7,
    "bitter": 0.7,
    "kind": 0.8,
    "cruel": 0.7,
    "brave": 0.8,
    "cowardly": 0.7,
    "generous": 0.7,
    "selfish": 0.7,
    "this": 0.7,
    "that": 0.7,
    "these": 0.7,
    "those": 0.7,
    "is": 0.7,
    "are": 0.7,
    "am": 0.7,
    "not": 0.7,
    "isn't": 0.7,
    "aren't": 0.7,
    "no": 0.7,
    "my": 0.7,
    "your": 0.7,
    "his": 0.7,
    "her": 0.7,
    "our": 0.7,
    "their": 0.7,
    "its": 0.7,
    "mine": 0.7,
    "yours": 0.7,
    "hers": 0.7,
    "ours": 0.7,
    "theirs": 0.7,
    "what": 0.7,
    "where": 0.5,
    "yes": 0.7
}