{
    "house": 0.8999999999999999,
    "dog": 0.7,
    "car": 0.8999999999999999,
    "book": 0.5,
    "school": 0.8999999999999999,
    "computer": 0.5,
    "chair": 0.8999999999999999,
    "phone": 0.5,
    "table": 0.7,
    "window": 0.7,
    "door": 0.5,
    "cat": 0.5,
    "child": 0.5,
    "mother": 0.7,
    "father": 0.7,
    "friend": 0.5,
    "apple": 0.7,
    "banana": 0.7,
    "water": 0.5,
    "coffee": 0.8999999999999999,
    "city": 0.5,
    "street": 0.7,
    "building": 0.5,
    "kitchen": 0.5,
    "bedroom": 0.7,
    "bathroom": 0.5,
    "market": 0.5,
    "store": 0.5,
    "bag": 0.8999999999999999,
    "shoe": 0.7,
    "shirt": 0.7,
    "pants": 0.7,
    "hat": 0.5,
    "pen": 0.7,
    "pencil": 0.7,
    "notebook": 0.5,
    "clock": 0.8999999999999999,
    "television": 0.7,
    "radio": 0.7,
    "music": 0.7,
    "movie": 0.5,
    "game": 0.5,
    "ball": 0.5,
    "tree": 0.7,
    "flower": 0.7,
    "grass": 0.7,
    "sky": 0.7,
    "sun": 0.7,
    "moon": 0.5,
    "star": 0.5,
    "fire": 0.5,
    "light": 0.7,
    "food": 0.7,
    "bread": 0.5,
    "milk": 0.7,
    "egg": 0.7,
    "cheese": 0.5,
    "meat": 0.7,
    "fish": 0.7,
    "salt": 0.5
}